Subject.ID,ID,Condition,Gender,age.in.months,age.in.days,DOB,DOT,objects ,object.category,trial.number,trial.start,first.top.touch,trial.end ,latency.to.touch,latency,trial.duration,blocked.order
IPAP_260155,260155,Social.Information,Female,8months_30days,273,8/23/2018,5/22/2019,geode,Natural.objects,1,0:02:29,0:02:33,0:02:33,4,4,4,geode_stationeryholder_blueartifact_plant1_plant2_greenartifact_shoe_seashell
IPAP_260155,260155,Social.Information,Female,8months_30days,273,8/23/2018,5/22/2019,stationeryholder,Familiar.objects,2,0:03:23,0:03:24,0:03:24,1,1,1,geode_stationeryholder_blueartifact_plant1_plant2_greenartifact_shoe_seashell
IPAP_260155,260155,Social.Information,Female,8months_30days,273,8/23/2018,5/22/2019,blueartifact,Novel.artifacts,3,0:04:12,0:04:13,0:04:13,1,1,1,geode_stationeryholder_blueartifact_plant1_plant2_greenartifact_shoe_seashell
IPAP_260155,260155,Social.Information,Female,8months_30days,273,8/23/2018,5/22/2019,plant1,Plants,4,0:05:04,0:05:05,0:05:05,1,1,1,geode_stationeryholder_blueartifact_plant1_plant2_greenartifact_shoe_seashell
IPAP_260155,260155,Social.Information,Female,8months_30days,273,8/23/2018,5/22/2019,plant2,Plants,5,0:05:57,0:05:59,0:05:59,2,2,2,geode_stationeryholder_blueartifact_plant1_plant2_greenartifact_shoe_seashell
IPAP_260155,260155,Social.Information,Female,8months_30days,273,8/23/2018,5/22/2019,greenartifact,Novel.artifacts,6,0:06:47,0:06:49,0:06:49,2,2,2,geode_stationeryholder_blueartifact_plant1_plant2_greenartifact_shoe_seashell
IPAP_260155,260155,Social.Information,Female,8months_30days,273,8/23/2018,5/22/2019,shoe,Familiar.objects,7,0:07:35,0:07:39,0:07:39,4,4,4,geode_stationeryholder_blueartifact_plant1_plant2_greenartifact_shoe_seashell
IPAP_260155,260155,Social.Information,Female,8months_30days,273,8/23/2018,5/22/2019,seashell,Natural.objects,8,0:08:41,0:08:43,0:08:43,2,2,2,geode_stationeryholder_blueartifact_plant1_plant2_greenartifact_shoe_seashell
IPAP_260068,260068,Social.Information,Male,9months_7days,280,8/15/2018,5/22/2019,geode,Natural.objects,1,0:02:05,NA,0:02:35,30,NA,30,geode_blueartifact_plant1_stationeryholder_shoe_plant2_greenartifact_seashell
IPAP_260068,260068,Social.Information,Male,9months_7days,280,8/15/2018,5/22/2019,blueartifact,Novel.artifacts,2,0:03:20,NA,0:03:50,30,NA,30,geode_blueartifact_plant1_stationeryholder_shoe_plant2_greenartifact_seashell
IPAP_260068,260068,Social.Information,Male,9months_7days,280,8/15/2018,5/22/2019,plant1,Plants,3,0:04:33,NA,0:05:03,30,NA,30,geode_blueartifact_plant1_stationeryholder_shoe_plant2_greenartifact_seashell
IPAP_260068,260068,Social.Information,Male,9months_7days,280,8/15/2018,5/22/2019,stationeryholder,Familiar.objects,4,0:05:54,NA,0:06:24,30,NA,30,geode_blueartifact_plant1_stationeryholder_shoe_plant2_greenartifact_seashell
IPAP_260068,260068,Social.Information,Male,9months_7days,280,8/15/2018,5/22/2019,shoe,Familiar.objects,5,0:07:11,NA,0:07:41,30,NA,30,geode_blueartifact_plant1_stationeryholder_shoe_plant2_greenartifact_seashell
IPAP_260068,260068,Social.Information,Male,9months_7days,280,8/15/2018,5/22/2019,plant2,Plants,6,0:08:31,NA,0:09:01,30,NA,30,geode_blueartifact_plant1_stationeryholder_shoe_plant2_greenartifact_seashell
IPAP_260068,260068,Social.Information,Male,9months_7days,280,8/15/2018,5/22/2019,greenartifact,Novel.artifacts,7,0:09:48,NA,0:10:18,30,NA,30,geode_blueartifact_plant1_stationeryholder_shoe_plant2_greenartifact_seashell
IPAP_260068,260068,Social.Information,Male,9months_7days,280,8/15/2018,5/22/2019,seashell,Natural.objects,8,0:11:00,NA,0:11:30,30,NA,30,geode_blueartifact_plant1_stationeryholder_shoe_plant2_greenartifact_seashell
IPAP_260366,260366,No.Social.Information,Female,9months_9days,282,8/14/2018,5/23/2019,plant1,Plants,1,0:03:54,0:04:08,0:04:10,14,14,30,plant1_stationeryholder_blueartifact_geode_seashell_greenartifact_shoe_plant2
IPAP_260366,260366,No.Social.Information,Female,9months_9days,282,8/14/2018,5/23/2019,stationeryholder,Familiar.objects,2,0:05:00,0:05:01,0:05:01,1,1,1,plant1_stationeryholder_blueartifact_geode_seashell_greenartifact_shoe_plant2
IPAP_260366,260366,No.Social.Information,Female,9months_9days,282,8/14/2018,5/23/2019,blueartifact,Novel.artifacts,3,0:06:10,0:06:15,0:06:15,5,5,5,plant1_stationeryholder_blueartifact_geode_seashell_greenartifact_shoe_plant2
IPAP_260366,260366,No.Social.Information,Female,9months_9days,282,8/14/2018,5/23/2019,geode,Natural.objects,4,0:07:06,0:07:07,0:07:07,1,1,1,plant1_stationeryholder_blueartifact_geode_seashell_greenartifact_shoe_plant2
IPAP_260366,260366,No.Social.Information,Female,9months_9days,282,8/14/2018,5/23/2019,seashell,Natural.objects,5,0:08:00,NA,NA,30,NA,30,plant1_stationeryholder_blueartifact_geode_seashell_greenartifact_shoe_plant2
IPAP_260366,260366,No.Social.Information,Female,9months_9days,282,8/14/2018,5/23/2019,greenartifact,Novel.artifacts,6,0:09:09,0:09:13,0:09:13,4,4,4,plant1_stationeryholder_blueartifact_geode_seashell_greenartifact_shoe_plant2
IPAP_260366,260366,No.Social.Information,Female,9months_9days,282,8/14/2018,5/23/2019,shoe,Familiar.objects,7,0:09:59,NA,NA,30,NA,30,plant1_stationeryholder_blueartifact_geode_seashell_greenartifact_shoe_plant2
IPAP_260366,260366,No.Social.Information,Female,9months_9days,282,8/14/2018,5/23/2019,plant2,Plants,8,0:11:14,0:11:25,0:11:25,11,11,11,plant1_stationeryholder_blueartifact_geode_seashell_greenartifact_shoe_plant2
IPAP_260336,260336,No.Social.Information,Male,8months_29days,272,8/25/2018,5/23/2019,plant1,Plants,1,0:01:38,0:02:02,0:02:02,24,24,24,plant1_blueartifact_geode_stationeryholder_shoe_seashell_greenartifact_plant2
IPAP_260336,260336,No.Social.Information,Male,8months_29days,272,8/25/2018,5/23/2019,blueartifact,Novel.artifacts,2,0:02:48,0:02:50,0:02:50,2,2,2,plant1_blueartifact_geode_stationeryholder_shoe_seashell_greenartifact_plant2
IPAP_260336,260336,No.Social.Information,Male,8months_29days,272,8/25/2018,5/23/2019,geode,Natural.objects,3,0:03:33,0:03:43,0:03:43,10,10,10,plant1_blueartifact_geode_stationeryholder_shoe_seashell_greenartifact_plant2
IPAP_260336,260336,No.Social.Information,Male,8months_29days,272,8/25/2018,5/23/2019,stationeryholder,Familiar.objects,4,0:04:30,0:04:31,0:04:31,1,1,1,plant1_blueartifact_geode_stationeryholder_shoe_seashell_greenartifact_plant2
IPAP_260336,260336,No.Social.Information,Male,8months_29days,272,8/25/2018,5/23/2019,shoe,Familiar.objects,5,0:05:16,0:05:20,0:05:20,4,4,4,plant1_blueartifact_geode_stationeryholder_shoe_seashell_greenartifact_plant2
IPAP_260336,260336,No.Social.Information,Male,8months_29days,272,8/25/2018,5/23/2019,seashell,Natural.objects,6,0:06:00,0:06:05,0:06:05,5,5,5,plant1_blueartifact_geode_stationeryholder_shoe_seashell_greenartifact_plant2
IPAP_260336,260336,No.Social.Information,Male,8months_29days,272,8/25/2018,5/23/2019,greenartifact,Novel.artifacts,7,0:06:48,0:06:49,0:06:49,1,1,1,plant1_blueartifact_geode_stationeryholder_shoe_seashell_greenartifact_plant2
IPAP_260336,260336,No.Social.Information,Male,8months_29days,272,8/25/2018,5/23/2019,plant2,Plants,8,0:07:33,0:07:36,0:07:36,3,3,3,plant1_blueartifact_geode_stationeryholder_shoe_seashell_greenartifact_plant2
IPAP_260464,260464,Social.Information,Male,11months_28days,362,5/30/2018,5/27/2019,greenartifact,Novel.artifacts,1,0:01:58,0:02:01,0:02:01,3,3,3,greenartifact_shoe_seashell_plant2_plant1_geode_stationeryholder_blueartifact
IPAP_260464,260464,Social.Information,Male,11months_28days,362,5/30/2018,5/27/2019,shoe,Familiar.objects,2,0:02:51,0:02:59,0:02:59,8,8,8,greenartifact_shoe_seashell_plant2_plant1_geode_stationeryholder_blueartifact
IPAP_260464,260464,Social.Information,Male,11months_28days,362,5/30/2018,5/27/2019,seashell,Natural.objects,3,0:03:53,0:03:55,0:03:55,2,2,2,greenartifact_shoe_seashell_plant2_plant1_geode_stationeryholder_blueartifact
IPAP_260464,260464,Social.Information,Male,11months_28days,362,5/30/2018,5/27/2019,plant2,Plants,4,0:04:45,0:04:49,0:04:49,4,4,4,greenartifact_shoe_seashell_plant2_plant1_geode_stationeryholder_blueartifact
IPAP_260464,260464,Social.Information,Male,11months_28days,362,5/30/2018,5/27/2019,plant1,Plants,5,0:05:37,0:05:40,0:05:40,3,3,3,greenartifact_shoe_seashell_plant2_plant1_geode_stationeryholder_blueartifact
IPAP_260464,260464,Social.Information,Male,11months_28days,362,5/30/2018,5/27/2019,geode,Natural.objects,6,0:06:33,0:06:35,0:06:35,2,2,2,greenartifact_shoe_seashell_plant2_plant1_geode_stationeryholder_blueartifact
IPAP_260464,260464,Social.Information,Male,11months_28days,362,5/30/2018,5/27/2019,stationeryholder,Familiar.objects,7,0:07:33,0:07:35,0:07:35,2,2,2,greenartifact_shoe_seashell_plant2_plant1_geode_stationeryholder_blueartifact
IPAP_260464,260464,Social.Information,Male,11months_28days,362,5/30/2018,5/27/2019,blueartifact,Novel.artifacts,8,0:08:25,0:08:27,0:08:27,2,2,2,greenartifact_shoe_seashell_plant2_plant1_geode_stationeryholder_blueartifact
IPAP_260316,260316,No.Social.Information,Female,9months_20days,293,8/7/2018,5/27/2019,greenartifact,Novel.artifacts,1,0:06:53,0:06:57,0:06:57,4,4,4,greenartifact_seashell_plant2_shoe_stationeryholder_plant1_geode_blueartifact
IPAP_260316,260316,No.Social.Information,Female,9months_20days,293,8/7/2018,5/27/2019,seashell,Natural.objects,2,0:07:46,0:07:48,0:07:48,2,2,2,greenartifact_seashell_plant2_shoe_stationeryholder_plant1_geode_blueartifact
IPAP_260316,260316,No.Social.Information,Female,9months_20days,293,8/7/2018,5/27/2019,plant2,Plants,3,0:08:27,0:08:29,0:08:29,2,2,2,greenartifact_seashell_plant2_shoe_stationeryholder_plant1_geode_blueartifact
IPAP_260316,260316,No.Social.Information,Female,9months_20days,293,8/7/2018,5/27/2019,shoe,Familiar.objects,4,0:09:20,0:09:21,0:09:21,1,1,1,greenartifact_seashell_plant2_shoe_stationeryholder_plant1_geode_blueartifact
IPAP_260316,260316,No.Social.Information,Female,9months_20days,293,8/7/2018,5/27/2019,stationeryholder,Familiar.objects,5,0:10:07,0:10:08,0:10:08,1,1,1,greenartifact_seashell_plant2_shoe_stationeryholder_plant1_geode_blueartifact
IPAP_260316,260316,No.Social.Information,Female,9months_20days,293,8/7/2018,5/27/2019,plant1,Plants,6,0:10:53,0:10:57,0:10:57,4,4,4,greenartifact_seashell_plant2_shoe_stationeryholder_plant1_geode_blueartifact
IPAP_260316,260316,No.Social.Information,Female,9months_20days,293,8/7/2018,5/27/2019,geode,Natural.objects,7,0:11:36,0:11:37,0:11:37,1,1,1,greenartifact_seashell_plant2_shoe_stationeryholder_plant1_geode_blueartifact
IPAP_260316,260316,No.Social.Information,Female,9months_20days,293,8/7/2018,5/27/2019,blueartifact,Novel.artifacts,8,0:12:13,0:12:14,0:12:14,1,1,1,greenartifact_seashell_plant2_shoe_stationeryholder_plant1_geode_blueartifact
IPAP_260208,260208,Social.Information,Male,12months_5days,370,5/23/2018,5/28/2019,shoe,Familiar.objects,1,0:01:44,NA,0:02:14,30,NA,30,shoe_seashell_greenartifact_plant2_plant1_blueartifact_geode_stationeryholder
IPAP_260208,260208,Social.Information,Male,12months_5days,370,5/23/2018,5/28/2019,seashell,Natural.objects,2,0:02:57,NA,0:03:27,30,NA,30,shoe_seashell_greenartifact_plant2_plant1_blueartifact_geode_stationeryholder
IPAP_260208,260208,Social.Information,Male,12months_5days,370,5/23/2018,5/28/2019,greenartifact,Novel.artifacts,3,0:04:20,NA,0:04:50,30,NA,30,shoe_seashell_greenartifact_plant2_plant1_blueartifact_geode_stationeryholder
IPAP_260208,260208,Social.Information,Male,12months_5days,370,5/23/2018,5/28/2019,plant2,Plants,4,0:05:45,NA,0:06:15,30,NA,30,shoe_seashell_greenartifact_plant2_plant1_blueartifact_geode_stationeryholder
IPAP_260208,260208,Social.Information,Male,12months_5days,370,5/23/2018,5/28/2019,plant1,Plants,5,0:07:17,0:07:27,0:07:27,10,10,10,shoe_seashell_greenartifact_plant2_plant1_blueartifact_geode_stationeryholder
IPAP_260208,260208,Social.Information,Male,12months_5days,370,5/23/2018,5/28/2019,blueartifact,Novel.artifacts,6,0:08:30,0:08:37,0:08:37,7,7,7,shoe_seashell_greenartifact_plant2_plant1_blueartifact_geode_stationeryholder
IPAP_260208,260208,Social.Information,Male,12months_5days,370,5/23/2018,5/28/2019,geode,Natural.objects,7,0:09:27,0:09:43,0:09:43,16,16,16,shoe_seashell_greenartifact_plant2_plant1_blueartifact_geode_stationeryholder
IPAP_260208,260208,Social.Information,Male,12months_5days,370,5/23/2018,5/28/2019,stationeryholder,Familiar.objects,8,0:10:32,0:10:35,0:10:35,3,3,3,shoe_seashell_greenartifact_plant2_plant1_blueartifact_geode_stationeryholder
IPAP_260246,260246,No.Social.Information,Female,9months_30days,303,7/29/2018,5/28/2019,greenartifact,Novel.artifacts,1,0:01:56,0:02:10,0:02:10,14,14,14,greenartifact_plant2_shoe_seashell_geode_stationeryholder_plant1_blueartifact
IPAP_260246,260246,No.Social.Information,Female,9months_30days,303,7/29/2018,5/28/2019,plant2,Plants,2,0:03:13,0:03:17,0:03:17,4,4,4,greenartifact_plant2_shoe_seashell_geode_stationeryholder_plant1_blueartifact
IPAP_260246,260246,No.Social.Information,Female,9months_30days,303,7/29/2018,5/28/2019,shoe,Familiar.objects,3,0:04:05,0:04:07,0:04:07,2,2,2,greenartifact_plant2_shoe_seashell_geode_stationeryholder_plant1_blueartifact
IPAP_260246,260246,No.Social.Information,Female,9months_30days,303,7/29/2018,5/28/2019,seashell,Natural.objects,4,0:04:49,0:04:55,0:04:55,6,6,6,greenartifact_plant2_shoe_seashell_geode_stationeryholder_plant1_blueartifact
IPAP_260246,260246,No.Social.Information,Female,9months_30days,303,7/29/2018,5/28/2019,geode,Natural.objects,5,0:05:39,0:05:43,0:05:43,4,4,4,greenartifact_plant2_shoe_seashell_geode_stationeryholder_plant1_blueartifact
IPAP_260246,260246,No.Social.Information,Female,9months_30days,303,7/29/2018,5/28/2019,stationeryholder,Familiar.objects,6,0:06:33,0:06:41,0:06:41,8,8,8,greenartifact_plant2_shoe_seashell_geode_stationeryholder_plant1_blueartifact
IPAP_260246,260246,No.Social.Information,Female,9months_30days,303,7/29/2018,5/28/2019,plant1,Plants,7,0:07:26,0:07:33,0:07:33,7,7,7,greenartifact_plant2_shoe_seashell_geode_stationeryholder_plant1_blueartifact
IPAP_260246,260246,No.Social.Information,Female,9months_30days,303,7/29/2018,5/28/2019,blueartifact,Novel.artifacts,8,0:08:22,0:08:32,0:08:32,10,10,10,greenartifact_plant2_shoe_seashell_geode_stationeryholder_plant1_blueartifact
IPAP_260544,260544,Social.Information,Male,10months_15days,319,7/14/2018,5/29/2019,plant2,Plants,1,0:02:20,0:02:28,0:02:28,8,8,8,plant2_greenartifact_seashell_shoe_stationeryholder_geode_blueartifact_plant1
IPAP_260544,260544,Social.Information,Male,10months_15days,319,7/14/2018,5/29/2019,greenartifact,Novel.artifacts,2,0:03:10,0:03:15,0:03:15,5,5,5,plant2_greenartifact_seashell_shoe_stationeryholder_geode_blueartifact_plant1
IPAP_260544,260544,Social.Information,Male,10months_15days,319,7/14/2018,5/29/2019,seashell,Natural.objects,3,0:04:02,0:04:05,0:04:05,3,3,3,plant2_greenartifact_seashell_shoe_stationeryholder_geode_blueartifact_plant1
IPAP_260544,260544,Social.Information,Male,10months_15days,319,7/14/2018,5/29/2019,shoe,Familiar.objects,4,0:04:49,0:04:50,0:04:50,1,1,1,plant2_greenartifact_seashell_shoe_stationeryholder_geode_blueartifact_plant1
IPAP_260544,260544,Social.Information,Male,10months_15days,319,7/14/2018,5/29/2019,stationeryholder,Familiar.objects,5,0:05:35,NA,0:06:05,30,NA,30,plant2_greenartifact_seashell_shoe_stationeryholder_geode_blueartifact_plant1
IPAP_260544,260544,Social.Information,Male,10months_15days,319,7/14/2018,5/29/2019,geode,Natural.objects,6,0:07:10,0:07:28,0:07:28,18,18,18,plant2_greenartifact_seashell_shoe_stationeryholder_geode_blueartifact_plant1
IPAP_260544,260544,Social.Information,Male,10months_15days,319,7/14/2018,5/29/2019,blueartifact,Novel.artifacts,7,0:08:13,0:08:14,0:08:14,1,1,1,plant2_greenartifact_seashell_shoe_stationeryholder_geode_blueartifact_plant1
IPAP_260544,260544,Social.Information,Male,10months_15days,319,7/14/2018,5/29/2019,plant1,Plants,8,0:08:57,0:09:00,0:09:00,3,3,3,plant2_greenartifact_seashell_shoe_stationeryholder_geode_blueartifact_plant1
IPAP_260353,260353,No.Social.Information,Male,12months_29days,394,5/5/2018,6/3/2019,stationeryholder,Familiar.objects,1,0:02:30,NA,0:03:00,30,NA,30,stationeryholder_blueartifact_plant1_geode_seashell_plant2_greenartifact_shoe
IPAP_260353,260353,No.Social.Information,Male,12months_29days,394,5/5/2018,6/3/2019,blueartifact,Novel.artifacts,2,0:04:14,NA,0:04:44,30,NA,30,stationeryholder_blueartifact_plant1_geode_seashell_plant2_greenartifact_shoe
IPAP_260353,260353,No.Social.Information,Male,12months_29days,394,5/5/2018,6/3/2019,plant1,Plants,3,0:05:29,0:05:33,0:05:33,4,4,4,stationeryholder_blueartifact_plant1_geode_seashell_plant2_greenartifact_shoe
IPAP_260353,260353,No.Social.Information,Male,12months_29days,394,5/5/2018,6/3/2019,geode,Natural.objects,4,0:06:16,NA,0:06:46,30,NA,30,stationeryholder_blueartifact_plant1_geode_seashell_plant2_greenartifact_shoe
IPAP_260353,260353,No.Social.Information,Male,12months_29days,394,5/5/2018,6/3/2019,seashell,Natural.objects,5,0:07:30,0:07:40,0:07:40,10,10,10,stationeryholder_blueartifact_plant1_geode_seashell_plant2_greenartifact_shoe
IPAP_260353,260353,No.Social.Information,Male,12months_29days,394,5/5/2018,6/3/2019,plant2,Plants,6,0:08:28,0:08:36,0:08:36,8,8,8,stationeryholder_blueartifact_plant1_geode_seashell_plant2_greenartifact_shoe
IPAP_260353,260353,No.Social.Information,Male,12months_29days,394,5/5/2018,6/3/2019,greenartifact,Novel.artifacts,7,0:09:21,0:09:37,0:09:37,16,16,16,stationeryholder_blueartifact_plant1_geode_seashell_plant2_greenartifact_shoe
IPAP_260353,260353,No.Social.Information,Male,12months_29days,394,5/5/2018,6/3/2019,shoe,Familiar.objects,8,0:10:26,NA,0:10:56,30,NA,30,stationeryholder_blueartifact_plant1_geode_seashell_plant2_greenartifact_shoe
IPAP_260516,260516,No.Social.Information,Female,13months,395,4/15/2018,6/3/2019,seashell,Natural.objects,1,0:01:15,NA,0:01:45,30,NA,30,seashell_shoe_greenartifact_plant2_plant1_blueartifact_stationeryholder_geode
IPAP_260516,260516,No.Social.Information,Female,13months,395,4/15/2018,6/3/2019,shoe,Familiar.objects,2,0:02:50,NA,0:03:20,30,NA,30,seashell_shoe_greenartifact_plant2_plant1_blueartifact_stationeryholder_geode
IPAP_260516,260516,No.Social.Information,Female,13months,395,4/15/2018,6/3/2019,greenartifact,Novel.artifacts,3,0:04:02,NA,0:04:32,30,NA,30,seashell_shoe_greenartifact_plant2_plant1_blueartifact_stationeryholder_geode
IPAP_260516,260516,No.Social.Information,Female,13months,395,4/15/2018,6/3/2019,plant2,Plants,4,0:05:12,NA,0:05:42,30,NA,30,seashell_shoe_greenartifact_plant2_plant1_blueartifact_stationeryholder_geode
IPAP_260516,260516,No.Social.Information,Female,13months,395,4/15/2018,6/3/2019,plant1,Plants,5,0:06:24,NA,0:06:54,30,NA,30,seashell_shoe_greenartifact_plant2_plant1_blueartifact_stationeryholder_geode
IPAP_260516,260516,No.Social.Information,Female,13months,395,4/15/2018,6/3/2019,blueartifact,Novel.artifacts,6,0:07:40,NA,0:08:10,30,NA,30,seashell_shoe_greenartifact_plant2_plant1_blueartifact_stationeryholder_geode
IPAP_260516,260516,No.Social.Information,Female,13months,395,4/15/2018,6/3/2019,stationeryholder,Familiar.objects,7,0:08:52,NA,0:09:22,30,NA,30,seashell_shoe_greenartifact_plant2_plant1_blueartifact_stationeryholder_geode
IPAP_260516,260516,No.Social.Information,Female,13months,395,4/15/2018,6/3/2019,geode,Natural.objects,8,0:10:04,NA,0:10:34,30,NA,30,seashell_shoe_greenartifact_plant2_plant1_blueartifact_stationeryholder_geode
IPAP_260229,260229,Social.Information,Male,11months_15days,345,6/21/2018,6/5/2019,seashell,Natural.objects,1,0:02:01,NA,0:02:31,30,NA,30,seashell_shoe_greenartifact_plant1_plant2_blueartifact_stationeryholder_geode
IPAP_260229,260229,Social.Information,Male,11months_15days,345,6/21/2018,6/5/2019,shoe,Familiar.objects,2,0:03:24,NA,0:03:54,30,NA,30,seashell_shoe_greenartifact_plant1_plant2_blueartifact_stationeryholder_geode
IPAP_260229,260229,Social.Information,Male,11months_15days,345,6/21/2018,6/5/2019,greenartifact,Novel.artifacts,3,0:04:42,NA,0:05:12,30,NA,30,seashell_shoe_greenartifact_plant1_plant2_blueartifact_stationeryholder_geode
IPAP_260229,260229,Social.Information,Male,11months_15days,345,6/21/2018,6/5/2019,plant1,Plants,4,0:05:58,NA,0:05:28,30,NA,30,seashell_shoe_greenartifact_plant1_plant2_blueartifact_stationeryholder_geode
IPAP_260229,260229,Social.Information,Male,11months_15days,345,6/21/2018,6/5/2019,plant2,Plants,5,0:07:27,0:07:52,0:07:52,25,25,25,seashell_shoe_greenartifact_plant1_plant2_blueartifact_stationeryholder_geode
IPAP_260229,260229,Social.Information,Male,11months_15days,345,6/21/2018,6/5/2019,blueartifact,Novel.artifacts,6,0:08:42,0:08:56,0:08:56,14,14,14,seashell_shoe_greenartifact_plant1_plant2_blueartifact_stationeryholder_geode
IPAP_260229,260229,Social.Information,Male,11months_15days,345,6/21/2018,6/5/2019,stationeryholder,Familiar.objects,7,0:09:42,0:09:46,0:09:46,4,4,4,seashell_shoe_greenartifact_plant1_plant2_blueartifact_stationeryholder_geode
IPAP_260229,260229,Social.Information,Male,11months_15days,345,6/21/2018,6/5/2019,geode,Natural.objects,8,0:10:31,0:10:37,0:10:37,6,6,6,seashell_shoe_greenartifact_plant1_plant2_blueartifact_stationeryholder_geode
IPAP_260510,260510,No.Social.Information,Female,11months_14days,348,6/23/2018,6/6/2019,plant2,Plants,1,0:01:15,NA,0:01:45,30,NA,30,plant2_seashell_shoe_greenartifact_blueartifact_stationeryholder_geode_plant1
IPAP_260510,260510,No.Social.Information,Female,11months_14days,348,6/23/2018,6/6/2019,seashell,Natural.objects,2,0:02:30,NA,0:03:00,30,NA,30,plant2_seashell_shoe_greenartifact_blueartifact_stationeryholder_geode_plant1
IPAP_260510,260510,No.Social.Information,Female,11months_14days,348,6/23/2018,6/6/2019,shoe,Familiar.objects,3,0:03:44,NA,0:04:14,30,NA,30,plant2_seashell_shoe_greenartifact_blueartifact_stationeryholder_geode_plant1
IPAP_260510,260510,No.Social.Information,Female,11months_14days,348,6/23/2018,6/6/2019,greenartifact,Novel.artifacts,4,0:04:56,NA,0:05:26,30,NA,30,plant2_seashell_shoe_greenartifact_blueartifact_stationeryholder_geode_plant1
IPAP_260510,260510,No.Social.Information,Female,11months_14days,348,6/23/2018,6/6/2019,blueartifact,Novel.artifacts,5,0:06:06,0:06:13,0:06:13,7,7,7,plant2_seashell_shoe_greenartifact_blueartifact_stationeryholder_geode_plant1
IPAP_260510,260510,No.Social.Information,Female,11months_14days,348,6/23/2018,6/6/2019,stationeryholder,Familiar.objects,6,0:06:58,0:07:02,0:07:02,4,4,4,plant2_seashell_shoe_greenartifact_blueartifact_stationeryholder_geode_plant1
IPAP_260510,260510,No.Social.Information,Female,11months_14days,348,6/23/2018,6/6/2019,geode,Natural.objects,7,0:07:44,0:07:57,0:07:57,13,13,13,plant2_seashell_shoe_greenartifact_blueartifact_stationeryholder_geode_plant1
IPAP_260510,260510,No.Social.Information,Female,11months_14days,348,6/23/2018,6/6/2019,plant1,Plants,8,0:08:37,0:08:44,0:08:44,7,7,7,plant2_seashell_shoe_greenartifact_blueartifact_stationeryholder_geode_plant1
IPAP_260034,260034,Social.Information,Female,10months_15days,319,7/22/2018,6/6/2019,stationeryholder,Familiar.objects,1,0:02:07,NA,0:02:37,30,NA,30,stationeryholder_plant1_geode_blueartifact_greenartifact_seashell_plant2_shoe
IPAP_260034,260034,Social.Information,Female,10months_15days,319,7/22/2018,6/6/2019,plant1,Plants,2,0:03:29,0:03:43,0:03:43,14,14,14,stationeryholder_plant1_geode_blueartifact_greenartifact_seashell_plant2_shoe
IPAP_260034,260034,Social.Information,Female,10months_15days,319,7/22/2018,6/6/2019,geode,Natural.objects,3,0:04:30,NA,0:05:00,30,NA,30,stationeryholder_plant1_geode_blueartifact_greenartifact_seashell_plant2_shoe
IPAP_260034,260034,Social.Information,Female,10months_15days,319,7/22/2018,6/6/2019,blueartifact,Novel.artifacts,4,0:05:51,0:05:53,0:05:53,2,2,2,stationeryholder_plant1_geode_blueartifact_greenartifact_seashell_plant2_shoe
IPAP_260034,260034,Social.Information,Female,10months_15days,319,7/22/2018,6/6/2019,greenartifact,Novel.artifacts,5,0:06:39,0:06:43,0:06:43,4,4,4,stationeryholder_plant1_geode_blueartifact_greenartifact_seashell_plant2_shoe
IPAP_260034,260034,Social.Information,Female,10months_15days,319,7/22/2018,6/6/2019,seashell,Natural.objects,6,0:07:29,0:07:32,0:07:32,3,3,3,stationeryholder_plant1_geode_blueartifact_greenartifact_seashell_plant2_shoe
IPAP_260034,260034,Social.Information,Female,10months_15days,319,7/22/2018,6/6/2019,plant2,Plants,7,0:08:18,0:08:20,0:08:20,2,2,2,stationeryholder_plant1_geode_blueartifact_greenartifact_seashell_plant2_shoe
IPAP_260034,260034,Social.Information,Female,10months_15days,319,7/22/2018,6/6/2019,shoe,Familiar.objects,8,0:09:03,0:09:06,0:09:06,3,3,3,stationeryholder_plant1_geode_blueartifact_greenartifact_seashell_plant2_shoe
IPAP_260191,260191,No.Social.Information,Male,11months_22days,356,6/15/2018,6/6/2019,blueartifact,Novel.artifacts,1,0:01:14,NA,0:01:44,30,NA,30,blueartifact_stationeryholder_geode_plant1_plant2_seashell_shoe_greenartifact
IPAP_260191,260191,No.Social.Information,Male,11months_22days,356,6/15/2018,6/6/2019,stationeryholder,Familiar.objects,2,0:02:28,NA,0:02:58,30,NA,30,blueartifact_stationeryholder_geode_plant1_plant2_seashell_shoe_greenartifact
IPAP_260191,260191,No.Social.Information,Male,11months_22days,356,6/15/2018,6/6/2019,geode,Natural.objects,3,0:03:42,NA,0:04:12,30,NA,30,blueartifact_stationeryholder_geode_plant1_plant2_seashell_shoe_greenartifact
IPAP_260191,260191,No.Social.Information,Male,11months_22days,356,6/15/2018,6/6/2019,plant1,Plants,4,0:04:56,NA,0:05:26,30,NA,30,blueartifact_stationeryholder_geode_plant1_plant2_seashell_shoe_greenartifact
IPAP_260191,260191,No.Social.Information,Male,11months_22days,356,6/15/2018,6/6/2019,plant2,Plants,5,0:06:14,0:06:24,0:06:24,10,10,10,blueartifact_stationeryholder_geode_plant1_plant2_seashell_shoe_greenartifact
IPAP_260191,260191,No.Social.Information,Male,11months_22days,356,6/15/2018,6/6/2019,seashell,Natural.objects,6,0:07:12,0:07:14,0:07:14,2,2,2,blueartifact_stationeryholder_geode_plant1_plant2_seashell_shoe_greenartifact
IPAP_260191,260191,No.Social.Information,Male,11months_22days,356,6/15/2018,6/6/2019,shoe,Familiar.objects,7,0:08:02,0:08:03,0:08:03,1,1,1,blueartifact_stationeryholder_geode_plant1_plant2_seashell_shoe_greenartifact
IPAP_260191,260191,No.Social.Information,Male,11months_22days,356,6/15/2018,6/6/2019,greenartifact,Novel.artifacts,8,0:08:51,0:08:53,0:08:53,2,2,2,blueartifact_stationeryholder_geode_plant1_plant2_seashell_shoe_greenartifact
IPAP_260538,260538,Social.Information,Female,13months_8days,408,4/29/2018,6/6/2019,plant2,Plants,1,0:01:24,0:01:26,0:01:26,2,2,2,plant2_shoe_greenartifact_seashell_geode_blueartifact_stationeryholder_plant1
IPAP_260538,260538,Social.Information,Female,13months_8days,408,4/29/2018,6/6/2019,shoe,Familiar.objects,2,0:02:22,0:02:24,0:02:24,2,2,2,plant2_shoe_greenartifact_seashell_geode_blueartifact_stationeryholder_plant1
IPAP_260538,260538,Social.Information,Female,13months_8days,408,4/29/2018,6/6/2019,greenartifact,Novel.artifacts,3,0:03:09,0:03:11,0:03:11,2,2,2,plant2_shoe_greenartifact_seashell_geode_blueartifact_stationeryholder_plant1
IPAP_260538,260538,Social.Information,Female,13months_8days,408,4/29/2018,6/6/2019,seashell,Natural.objects,4,0:03:57,0:04:00,0:04:00,3,3,3,plant2_shoe_greenartifact_seashell_geode_blueartifact_stationeryholder_plant1
IPAP_260538,260538,Social.Information,Female,13months_8days,408,4/29/2018,6/6/2019,geode,Natural.objects,5,0:04:42,0:04:43,0:04:43,1,1,1,plant2_shoe_greenartifact_seashell_geode_blueartifact_stationeryholder_plant1
IPAP_260538,260538,Social.Information,Female,13months_8days,408,4/29/2018,6/6/2019,blueartifact,Novel.artifacts,6,0:05:28,0:05:30,0:05:30,2,2,2,plant2_shoe_greenartifact_seashell_geode_blueartifact_stationeryholder_plant1
IPAP_260538,260538,Social.Information,Female,13months_8days,408,4/29/2018,6/6/2019,stationeryholder,Familiar.objects,7,0:06:18,0:06:20,0:06:20,2,2,2,plant2_shoe_greenartifact_seashell_geode_blueartifact_stationeryholder_plant1
IPAP_260538,260538,Social.Information,Female,13months_8days,408,4/29/2018,6/6/2019,plant1,Plants,8,0:07:09,0:07:10,0:07:10,1,1,1,plant2_shoe_greenartifact_seashell_geode_blueartifact_stationeryholder_plant1
IPAP_260189,260189,No.Social.Information,Female,12months_6days,371,6/6/2018,6/12/2019,plant1,Plants,1,0:01:03,0:01:05,0:01:05,2,2,2,plant1_geode_stationeryholder_blueartifact_greenartifact_shoe_seashell_plant2
IPAP_260189,260189,No.Social.Information,Female,12months_6days,371,6/6/2018,6/12/2019,geode,Natural.objects,2,0:01:49,0:01:50,0:01:50,1,1,1,plant1_geode_stationeryholder_blueartifact_greenartifact_shoe_seashell_plant2
IPAP_260189,260189,No.Social.Information,Female,12months_6days,371,6/6/2018,6/12/2019,stationeryholder,Familiar.objects,3,0:02:31,0:02:32,0:02:32,1,1,1,plant1_geode_stationeryholder_blueartifact_greenartifact_shoe_seashell_plant2
IPAP_260189,260189,No.Social.Information,Female,12months_6days,371,6/6/2018,6/12/2019,blueartifact,Novel.artifacts,4,0:03:09,0:03:10,0:03:10,1,1,1,plant1_geode_stationeryholder_blueartifact_greenartifact_shoe_seashell_plant2
IPAP_260189,260189,No.Social.Information,Female,12months_6days,371,6/6/2018,6/12/2019,greenartifact,Novel.artifacts,5,0:03:45,0:03:52,0:03:52,7,7,7,plant1_geode_stationeryholder_blueartifact_greenartifact_shoe_seashell_plant2
IPAP_260189,260189,No.Social.Information,Female,12months_6days,371,6/6/2018,6/12/2019,shoe,Familiar.objects,6,0:05:18,0:05:19,0:05:19,1,1,1,plant1_geode_stationeryholder_blueartifact_greenartifact_shoe_seashell_plant2
IPAP_260189,260189,No.Social.Information,Female,12months_6days,371,6/6/2018,6/12/2019,seashell,Natural.objects,7,0:05:55,0:05:56,0:05:56,1,1,1,plant1_geode_stationeryholder_blueartifact_greenartifact_shoe_seashell_plant2
IPAP_260189,260189,No.Social.Information,Female,12months_6days,371,6/6/2018,6/12/2019,plant2,Plants,8,0:06:32,0:06:35,0:06:35,3,3,3,plant1_geode_stationeryholder_blueartifact_greenartifact_shoe_seashell_plant2
IPAP_260550,260550,Social.Information,Female,13months_4days,399,5/8/2018,6/12/2019,shoe,Familiar.objects,1,0:01:30,0:01:31,0:01:31,1,1,1,shoe_plant2_seashell_greenartifact_blueartifact_geode_plant1_stationeryholder
IPAP_260550,260550,Social.Information,Female,13months_4days,399,5/8/2018,6/12/2019,plant2,Plants,2,0:02:12,0:02:15,0:02:15,3,3,3,shoe_plant2_seashell_greenartifact_blueartifact_geode_plant1_stationeryholder
IPAP_260550,260550,Social.Information,Female,13months_4days,399,5/8/2018,6/12/2019,seashell,Natural.objects,3,0:03:01,0:03:30,0:03:30,29,29,29,shoe_plant2_seashell_greenartifact_blueartifact_geode_plant1_stationeryholder
IPAP_260550,260550,Social.Information,Female,13months_4days,399,5/8/2018,6/12/2019,greenartifact,Novel.artifacts,4,0:04:12,0:04:14,0:04:14,2,2,2,shoe_plant2_seashell_greenartifact_blueartifact_geode_plant1_stationeryholder
IPAP_260550,260550,Social.Information,Female,13months_4days,399,5/8/2018,6/12/2019,blueartifact,Novel.artifacts,5,0:05:00,0:05:01,0:05:01,1,1,1,shoe_plant2_seashell_greenartifact_blueartifact_geode_plant1_stationeryholder
IPAP_260550,260550,Social.Information,Female,13months_4days,399,5/8/2018,6/12/2019,geode,Natural.objects,6,0:05:43,0:05:44,0:05:44,1,1,1,shoe_plant2_seashell_greenartifact_blueartifact_geode_plant1_stationeryholder
IPAP_260550,260550,Social.Information,Female,13months_4days,399,5/8/2018,6/12/2019,plant1,Plants,7,0:06:28,0:06:29,0:06:29,1,1,1,shoe_plant2_seashell_greenartifact_blueartifact_geode_plant1_stationeryholder
IPAP_260550,260550,Social.Information,Female,13months_4days,399,5/8/2018,6/12/2019,stationeryholder,Familiar.objects,8,0:07:14,0:07:15,0:07:15,1,1,1,shoe_plant2_seashell_greenartifact_blueartifact_geode_plant1_stationeryholder
IPAP_260397,260397,No.Social.Information,Female,9months_27days,300,8/17/2018,6/13/2019,shoe,Familiar.objects,1,0:02:22,0:02:23,0:02:23,1,1,1,shoe_plant2_seashell_greenartifact_blueartifact_geode_plant1_stationeryholder
IPAP_260397,260397,No.Social.Information,Female,9months_27days,300,8/17/2018,6/13/2019,plant2,Plants,2,0:03:00,0:03:01,0:03:01,1,1,1,shoe_plant2_seashell_greenartifact_blueartifact_geode_plant1_stationeryholder
IPAP_260397,260397,No.Social.Information,Female,9months_27days,300,8/17/2018,6/13/2019,seashell,Natural.objects,3,0:03:41,0:03:42,0:03:42,1,1,1,shoe_plant2_seashell_greenartifact_blueartifact_geode_plant1_stationeryholder
IPAP_260397,260397,No.Social.Information,Female,9months_27days,300,8/17/2018,6/13/2019,greenartifact,Novel.artifacts,4,0:04:20,0:04:21,0:04:21,1,1,1,shoe_plant2_seashell_greenartifact_blueartifact_geode_plant1_stationeryholder
IPAP_260397,260397,No.Social.Information,Female,9months_27days,300,8/17/2018,6/13/2019,blueartifact,Novel.artifacts,5,0:05:01,0:05:02,0:05:02,1,1,1,shoe_plant2_seashell_greenartifact_blueartifact_geode_plant1_stationeryholder
IPAP_260397,260397,No.Social.Information,Female,9months_27days,300,8/17/2018,6/13/2019,geode,Natural.objects,6,0:05:43,0:05:44,0:05:44,1,1,1,shoe_plant2_seashell_greenartifact_blueartifact_geode_plant1_stationeryholder
IPAP_260397,260397,No.Social.Information,Female,9months_27days,300,8/17/2018,6/13/2019,plant1,Plants,7,0:06:26,0:06:28,0:06:28,2,2,2,shoe_plant2_seashell_greenartifact_blueartifact_geode_plant1_stationeryholder
IPAP_260397,260397,No.Social.Information,Female,9months_27days,300,8/17/2018,6/13/2019,stationeryholder,Familiar.objects,8,0:07:11,0:07:12,0:07:12,1,1,1,shoe_plant2_seashell_greenartifact_blueartifact_geode_plant1_stationeryholder
IPAP_260264,260264,Social.Information,Female,12months_15days,380,5/30/2018,6/14/2019,greenartifact,Novel.artifacts,1,0:01:48,NA,0:02:18,30,NA,30,greenartifact_seashell_plant2_shoe_stationeryholder_plant1_geode_blueartifact
IPAP_260264,260264,Social.Information,Female,12months_15days,380,5/30/2018,6/14/2019,seashell,Natural.objects,2,0:03:12,NA,0:03:42,30,NA,30,greenartifact_seashell_plant2_shoe_stationeryholder_plant1_geode_blueartifact
IPAP_260264,260264,Social.Information,Female,12months_15days,380,5/30/2018,6/14/2019,plant2,Plants,3,0:04:30,NA,0:05:00,30,NA,30,greenartifact_seashell_plant2_shoe_stationeryholder_plant1_geode_blueartifact
IPAP_260264,260264,Social.Information,Female,12months_15days,380,5/30/2018,6/14/2019,shoe,Familiar.objects,4,0:05:44,NA,0:06:14,30,NA,30,greenartifact_seashell_plant2_shoe_stationeryholder_plant1_geode_blueartifact
IPAP_260264,260264,Social.Information,Female,12months_15days,380,5/30/2018,6/14/2019,stationeryholder,Familiar.objects,5,0:07:04,NA,0:07:34,30,NA,30,greenartifact_seashell_plant2_shoe_stationeryholder_plant1_geode_blueartifact
IPAP_260264,260264,Social.Information,Female,12months_15days,380,5/30/2018,6/14/2019,plant1,Plants,6,0:08:23,NA,0:08:53,30,NA,30,greenartifact_seashell_plant2_shoe_stationeryholder_plant1_geode_blueartifact
IPAP_260264,260264,Social.Information,Female,12months_15days,380,5/30/2018,6/14/2019,geode,Natural.objects,7,0:09:40,NA,0:10:10,30,NA,30,greenartifact_seashell_plant2_shoe_stationeryholder_plant1_geode_blueartifact
IPAP_260264,260264,Social.Information,Female,12months_15days,380,5/30/2018,6/14/2019,blueartifact,Novel.artifacts,8,0:10:57,NA,0:11:27,30,NA,30,greenartifact_seashell_plant2_shoe_stationeryholder_plant1_geode_blueartifact
IPAP_260552,260552,No.Social.Information,Female,11months_5days,339,7/9/2018,6/14/2019,plant2,Plants,1,0:01:15,0:01:23,0:01:23,8,8,8,plant2_shoe_greenartifact_seashell_geode_blueartifact_stationeryholder_plant1
IPAP_260552,260552,No.Social.Information,Female,11months_5days,339,7/9/2018,6/14/2019,shoe,Familiar.objects,2,0:01:58,0:02:00,0:02:00,2,2,2,plant2_shoe_greenartifact_seashell_geode_blueartifact_stationeryholder_plant1
IPAP_260552,260552,No.Social.Information,Female,11months_5days,339,7/9/2018,6/14/2019,greenartifact,Novel.artifacts,3,0:02:40,0:02:42,0:02:42,2,2,2,plant2_shoe_greenartifact_seashell_geode_blueartifact_stationeryholder_plant1
IPAP_260552,260552,No.Social.Information,Female,11months_5days,339,7/9/2018,6/14/2019,seashell,Natural.objects,4,0:03:25,0:03:30,0:03:30,5,5,5,plant2_shoe_greenartifact_seashell_geode_blueartifact_stationeryholder_plant1
IPAP_260552,260552,No.Social.Information,Female,11months_5days,339,7/9/2018,6/14/2019,geode,Natural.objects,5,0:04:08,0:04:13,0:04:13,5,5,5,plant2_shoe_greenartifact_seashell_geode_blueartifact_stationeryholder_plant1
IPAP_260552,260552,No.Social.Information,Female,11months_5days,339,7/9/2018,6/14/2019,blueartifact,Novel.artifacts,6,0:04:52,0:04:56,0:04:56,4,4,4,plant2_shoe_greenartifact_seashell_geode_blueartifact_stationeryholder_plant1
IPAP_260552,260552,No.Social.Information,Female,11months_5days,339,7/9/2018,6/14/2019,stationeryholder,Familiar.objects,7,0:05:44,0:05:48,0:05:48,4,4,4,plant2_shoe_greenartifact_seashell_geode_blueartifact_stationeryholder_plant1
IPAP_260552,260552,No.Social.Information,Female,11months_5days,339,7/9/2018,6/14/2019,plant1,Plants,8,0:06:32,0:06:34,0:06:34,2,2,2,plant2_shoe_greenartifact_seashell_geode_blueartifact_stationeryholder_plant1
IPAP_260475,260475,Social.Information,Male,10months_26days,330,7/19/2018,6/14/2019,geode,Natural.objects,1,0:01:20,0:01:27,0:01:27,7,7,7,geode_plant1_stationeryholder_blueartifact_greenartifact_shoe_plant2_seashell
IPAP_260475,260475,Social.Information,Male,10months_26days,330,7/19/2018,6/14/2019,plant1,Plants,2,0:02:15,0:02:18,0:02:18,3,3,3,geode_plant1_stationeryholder_blueartifact_greenartifact_shoe_plant2_seashell
IPAP_260475,260475,Social.Information,Male,10months_26days,330,7/19/2018,6/14/2019,stationeryholder,Familiar.objects,3,0:03:16,0:03:18,0:03:18,2,2,2,geode_plant1_stationeryholder_blueartifact_greenartifact_shoe_plant2_seashell
IPAP_260475,260475,Social.Information,Male,10months_26days,330,7/19/2018,6/14/2019,blueartifact,Novel.artifacts,4,0:04:08,0:04:10,0:04:10,2,2,2,geode_plant1_stationeryholder_blueartifact_greenartifact_shoe_plant2_seashell
IPAP_260475,260475,Social.Information,Male,10months_26days,330,7/19/2018,6/14/2019,greenartifact,Novel.artifacts,5,0:05:34,0:05:35,0:05:35,1,1,1,geode_plant1_stationeryholder_blueartifact_greenartifact_shoe_plant2_seashell
IPAP_260475,260475,Social.Information,Male,10months_26days,330,7/19/2018,6/14/2019,shoe,Familiar.objects,6,0:06:14,0:06:15,0:06:15,1,1,1,geode_plant1_stationeryholder_blueartifact_greenartifact_shoe_plant2_seashell
IPAP_260475,260475,Social.Information,Male,10months_26days,330,7/19/2018,6/14/2019,plant2,Plants,7,0:06:55,0:06:56,0:06:56,1,1,1,geode_plant1_stationeryholder_blueartifact_greenartifact_shoe_plant2_seashell
IPAP_260475,260475,Social.Information,Male,10months_26days,330,7/19/2018,6/14/2019,seashell,Natural.objects,8,0:07:38,0:07:39,0:07:39,1,1,1,geode_plant1_stationeryholder_blueartifact_greenartifact_shoe_plant2_seashell
IPAP_260335,260335,No.Social.Information,Female,10months_4days,314,8/10/2018,6/14/2019,geode,Natural.objects,1,0:01:15,0:01:45,0:01:45,30,30,30,geode_stationeryholder_blueartifact_plant1_plant2_greenartifact_shoe_seashell
IPAP_260335,260335,No.Social.Information,Female,10months_4days,314,8/10/2018,6/14/2019,stationeryholder,Familiar.objects,2,0:02:27,NA,0:02:57,30,NA,30,geode_stationeryholder_blueartifact_plant1_plant2_greenartifact_shoe_seashell
IPAP_260335,260335,No.Social.Information,Female,10months_4days,314,8/10/2018,6/14/2019,blueartifact,Novel.artifacts,3,0:03:40,0:03:48,0:03:48,8,8,8,geode_stationeryholder_blueartifact_plant1_plant2_greenartifact_shoe_seashell
IPAP_260335,260335,No.Social.Information,Female,10months_4days,314,8/10/2018,6/14/2019,plant1,Plants,4,0:04:28,0:04:31,0:04:31,3,3,3,geode_stationeryholder_blueartifact_plant1_plant2_greenartifact_shoe_seashell
IPAP_260335,260335,No.Social.Information,Female,10months_4days,314,8/10/2018,6/14/2019,plant2,Plants,5,0:05:12,0:05:14,0:05:14,2,2,2,geode_stationeryholder_blueartifact_plant1_plant2_greenartifact_shoe_seashell
IPAP_260335,260335,No.Social.Information,Female,10months_4days,314,8/10/2018,6/14/2019,greenartifact,Novel.artifacts,6,0:05:52,0:05:55,0:05:55,3,3,3,geode_stationeryholder_blueartifact_plant1_plant2_greenartifact_shoe_seashell
IPAP_260335,260335,No.Social.Information,Female,10months_4days,314,8/10/2018,6/14/2019,shoe,Familiar.objects,7,0:06:34,0:06:36,0:06:36,2,2,2,geode_stationeryholder_blueartifact_plant1_plant2_greenartifact_shoe_seashell
IPAP_260335,260335,No.Social.Information,Female,10months_4days,314,8/10/2018,6/14/2019,seashell,Natural.objects,8,0:07:13,0:07:14,0:07:14,1,1,1,geode_stationeryholder_blueartifact_plant1_plant2_greenartifact_shoe_seashell
IPAP_260309,260309,Social.Information,Male,14months,429,4/4/2018,6/14/2019,seashell,Natural.objects,1,0:01:28,NA,0:01:58,30,NA,30,seashell_greenartifact_plant2_shoe_stationeryholder_plant1_blueartifact_geode
IPAP_260309,260309,Social.Information,Male,14months,429,4/4/2018,6/14/2019,greenartifact,Novel.artifacts,2,0:02:52,NA,0:03:22,30,NA,30,seashell_greenartifact_plant2_shoe_stationeryholder_plant1_blueartifact_geode
IPAP_260309,260309,Social.Information,Male,14months,429,4/4/2018,6/14/2019,plant2,Plants,3,0:04:07,NA,0:04:37,30,NA,30,seashell_greenartifact_plant2_shoe_stationeryholder_plant1_blueartifact_geode
IPAP_260309,260309,Social.Information,Male,14months,429,4/4/2018,6/14/2019,shoe,Familiar.objects,4,0:05:35,NA,0:06:05,30,NA,30,seashell_greenartifact_plant2_shoe_stationeryholder_plant1_blueartifact_geode
IPAP_260309,260309,Social.Information,Male,14months,429,4/4/2018,6/14/2019,stationeryholder,Familiar.objects,5,0:06:50,0:06:52,0:06:52,2,2,2,seashell_greenartifact_plant2_shoe_stationeryholder_plant1_blueartifact_geode
IPAP_260309,260309,Social.Information,Male,14months,429,4/4/2018,6/14/2019,plant1,Plants,6,0:07:48,0:07:54,0:07:54,6,6,6,seashell_greenartifact_plant2_shoe_stationeryholder_plant1_blueartifact_geode
IPAP_260309,260309,Social.Information,Male,14months,429,4/4/2018,6/14/2019,blueartifact,Novel.artifacts,7,0:08:37,0:08:40,0:08:40,3,3,3,seashell_greenartifact_plant2_shoe_stationeryholder_plant1_blueartifact_geode
IPAP_260309,260309,Social.Information,Male,14months,429,4/4/2018,6/14/2019,geode,Natural.objects,8,0:09:28,0:09:29,0:09:29,1,1,1,seashell_greenartifact_plant2_shoe_stationeryholder_plant1_blueartifact_geode
IPAP_260203,260203,No.Social.Information,Female,10months_20days,324,7/28/2018,6/17/2019,stationeryholder,Familiar.objects,1,0:03:55,0:04:02,0:04:02,7,7,7,stationeryholder_plant1_geode_blueartifact_greenartifact_seashell_plant2_shoe
IPAP_260203,260203,No.Social.Information,Female,10months_20days,324,7/28/2018,6/17/2019,plant1,Plants,2,0:04:46,0:04:52,0:04:52,6,6,6,stationeryholder_plant1_geode_blueartifact_greenartifact_seashell_plant2_shoe
IPAP_260203,260203,No.Social.Information,Female,10months_20days,324,7/28/2018,6/17/2019,geode,Natural.objects,3,0:05:34,0:05:37,0:05:37,3,3,3,stationeryholder_plant1_geode_blueartifact_greenartifact_seashell_plant2_shoe
IPAP_260203,260203,No.Social.Information,Female,10months_20days,324,7/28/2018,6/17/2019,blueartifact,Novel.artifacts,4,0:06:15,0:06:16,0:06:16,1,1,1,stationeryholder_plant1_geode_blueartifact_greenartifact_seashell_plant2_shoe
IPAP_260203,260203,No.Social.Information,Female,10months_20days,324,7/28/2018,6/17/2019,greenartifact,Novel.artifacts,5,0:06:55,0:06:59,0:06:59,4,4,4,stationeryholder_plant1_geode_blueartifact_greenartifact_seashell_plant2_shoe
IPAP_260203,260203,No.Social.Information,Female,10months_20days,324,7/28/2018,6/17/2019,seashell,Natural.objects,6,0:07:40,0:07:45,0:07:45,5,5,5,stationeryholder_plant1_geode_blueartifact_greenartifact_seashell_plant2_shoe
IPAP_260203,260203,No.Social.Information,Female,10months_20days,324,7/28/2018,6/17/2019,plant2,Plants,7,0:08:26,0:08:56,0:08:56,30,30,30,stationeryholder_plant1_geode_blueartifact_greenartifact_seashell_plant2_shoe
IPAP_260203,260203,No.Social.Information,Female,10months_20days,324,7/28/2018,6/17/2019,shoe,Familiar.objects,8,0:09:36,0:09:46,0:09:46,10,10,10,stationeryholder_plant1_geode_blueartifact_greenartifact_seashell_plant2_shoe
IPAP_260249,260249,Social.Information,Female,13months_9days,404,5/8/2018,6/17/2019,seashell,Natural.objects,1,0:01:10,0:01:13,0:01:13,3,3,3,seashell_shoe_greenartifact_plant2_plant1_blueartifact_stationeryholder_geode
IPAP_260249,260249,Social.Information,Female,13months_9days,404,5/8/2018,6/17/2019,shoe,Familiar.objects,2,0:01:52,0:01:54,0:01:54,2,2,2,seashell_shoe_greenartifact_plant2_plant1_blueartifact_stationeryholder_geode
IPAP_260249,260249,Social.Information,Female,13months_9days,404,5/8/2018,6/17/2019,greenartifact,Novel.artifacts,3,0:02:30,0:02:31,0:02:31,1,1,1,seashell_shoe_greenartifact_plant2_plant1_blueartifact_stationeryholder_geode
IPAP_260249,260249,Social.Information,Female,13months_9days,404,5/8/2018,6/17/2019,plant2,Plants,4,0:03:16,0:03:18,0:03:18,2,2,2,seashell_shoe_greenartifact_plant2_plant1_blueartifact_stationeryholder_geode
IPAP_260249,260249,Social.Information,Female,13months_9days,404,5/8/2018,6/17/2019,plant1,Plants,5,0:03:55,0:03:56,0:03:56,1,1,1,seashell_shoe_greenartifact_plant2_plant1_blueartifact_stationeryholder_geode
IPAP_260249,260249,Social.Information,Female,13months_9days,404,5/8/2018,6/17/2019,blueartifact,Novel.artifacts,6,0:04:36,0:04:39,0:04:39,3,3,3,seashell_shoe_greenartifact_plant2_plant1_blueartifact_stationeryholder_geode
IPAP_260249,260249,Social.Information,Female,13months_9days,404,5/8/2018,6/17/2019,stationeryholder,Familiar.objects,7,0:05:19,0:05:20,0:05:20,1,1,1,seashell_shoe_greenartifact_plant2_plant1_blueartifact_stationeryholder_geode
IPAP_260249,260249,Social.Information,Female,13months_9days,404,5/8/2018,6/17/2019,geode,Natural.objects,8,0:05:58,0:05:59,0:05:59,1,1,1,seashell_shoe_greenartifact_plant2_plant1_blueartifact_stationeryholder_geode
IPAP_260197,260197,No.Social.Information,Male,11months_24days,358,6/24/2018,6/17/2019,plant2,Plants,1,0:01:14,0:01:25,0:01:25,11,11,11,plant2_greenartifact_seashell_shoe_stationeryholder_geode_blueartifact_plant1
IPAP_260197,260197,No.Social.Information,Male,11months_24days,358,6/24/2018,6/17/2019,greenartifact,Novel.artifacts,2,0:02:08,NA,0:02:38,30,NA,30,plant2_greenartifact_seashell_shoe_stationeryholder_geode_blueartifact_plant1
IPAP_260197,260197,No.Social.Information,Male,11months_24days,358,6/24/2018,6/17/2019,seashell,Natural.objects,3,0:03:12,0:03:18,0:03:18,6,6,6,plant2_greenartifact_seashell_shoe_stationeryholder_geode_blueartifact_plant1
IPAP_260197,260197,No.Social.Information,Male,11months_24days,358,6/24/2018,6/17/2019,shoe,Familiar.objects,4,0:04:00,0:04:12,0:04:12,12,12,12,plant2_greenartifact_seashell_shoe_stationeryholder_geode_blueartifact_plant1
IPAP_260197,260197,No.Social.Information,Male,11months_24days,358,6/24/2018,6/17/2019,stationeryholder,Familiar.objects,5,0:04:57,0:05:00,0:05:00,3,3,3,plant2_greenartifact_seashell_shoe_stationeryholder_geode_blueartifact_plant1
IPAP_260197,260197,No.Social.Information,Male,11months_24days,358,6/24/2018,6/17/2019,geode,Natural.objects,6,0:05:40,0:05:47,0:05:47,7,7,7,plant2_greenartifact_seashell_shoe_stationeryholder_geode_blueartifact_plant1
IPAP_260197,260197,No.Social.Information,Male,11months_24days,358,6/24/2018,6/17/2019,blueartifact,Novel.artifacts,7,0:06:24,0:06:27,0:06:27,3,3,3,plant2_greenartifact_seashell_shoe_stationeryholder_geode_blueartifact_plant1
IPAP_260197,260197,No.Social.Information,Male,11months_24days,358,6/24/2018,6/17/2019,plant1,Plants,8,0:07:10,0:07:15,0:07:15,5,5,5,plant2_greenartifact_seashell_shoe_stationeryholder_geode_blueartifact_plant1
IPAP_260347,260347,Social.Information,Male,10months_16days,320,8/2/2018,6/18/2019,shoe,Familiar.objects,1,0:02:13,0:02:23,0:02:23,10,10,10,shoe_greenartifact_plant2_seashell_geode_plant1_blueartifact_stationeryholder
IPAP_260347,260347,Social.Information,Male,10months_16days,320,8/2/2018,6/18/2019,greenartifact,Novel.artifacts,2,0:03:07,0:03:12,0:03:12,5,5,5,shoe_greenartifact_plant2_seashell_geode_plant1_blueartifact_stationeryholder
IPAP_260347,260347,Social.Information,Male,10months_16days,320,8/2/2018,6/18/2019,plant2,Plants,3,0:04:02,0:04:10,0:04:10,8,8,8,shoe_greenartifact_plant2_seashell_geode_plant1_blueartifact_stationeryholder
IPAP_260347,260347,Social.Information,Male,10months_16days,320,8/2/2018,6/18/2019,seashell,Natural.objects,4,0:04:52,0:04:53,0:04:53,1,1,1,shoe_greenartifact_plant2_seashell_geode_plant1_blueartifact_stationeryholder
IPAP_260347,260347,Social.Information,Male,10months_16days,320,8/2/2018,6/18/2019,geode,Natural.objects,5,0:06:09,0:06:10,0:06:10,1,1,1,shoe_greenartifact_plant2_seashell_geode_plant1_blueartifact_stationeryholder
IPAP_260347,260347,Social.Information,Male,10months_16days,320,8/2/2018,6/18/2019,plant1,Plants,6,0:06:55,0:06:56,0:06:56,1,1,1,shoe_greenartifact_plant2_seashell_geode_plant1_blueartifact_stationeryholder
IPAP_260347,260347,Social.Information,Male,10months_16days,320,8/2/2018,6/18/2019,blueartifact,Novel.artifacts,7,0:07:36,0:07:37,0:07:37,1,1,1,shoe_greenartifact_plant2_seashell_geode_plant1_blueartifact_stationeryholder
IPAP_260347,260347,Social.Information,Male,10months_16days,320,8/2/2018,6/18/2019,stationeryholder,Familiar.objects,8,0:08:22,0:08:23,0:08:23,1,1,1,shoe_greenartifact_plant2_seashell_geode_plant1_blueartifact_stationeryholder
IPAP_260377,260377,No.Social.Information,Male,9months_23days,296,8/27/2018,6/19/2019,geode,Natural.objects,1,0:01:23,0:01:25,0:01:25,2,2,2,geode_blueartifact_plant1_stationeryholder_shoe_plant2_greenartifact_seashell
IPAP_260377,260377,No.Social.Information,Male,9months_23days,296,8/27/2018,6/19/2019,blueartifact,Novel.artifacts,2,0:02:07,0:02:09,0:02:09,2,2,2,geode_blueartifact_plant1_stationeryholder_shoe_plant2_greenartifact_seashell
IPAP_260377,260377,No.Social.Information,Male,9months_23days,296,8/27/2018,6/19/2019,plant1,Plants,3,0:02:47,0:02:49,0:02:49,2,2,2,geode_blueartifact_plant1_stationeryholder_shoe_plant2_greenartifact_seashell
IPAP_260377,260377,No.Social.Information,Male,9months_23days,296,8/27/2018,6/19/2019,stationeryholder,Familiar.objects,4,0:03:29,0:03:30,0:03:30,1,1,1,geode_blueartifact_plant1_stationeryholder_shoe_plant2_greenartifact_seashell
IPAP_260377,260377,No.Social.Information,Male,9months_23days,296,8/27/2018,6/19/2019,shoe,Familiar.objects,5,0:04:12,0:04:13,0:04:13,1,1,1,geode_blueartifact_plant1_stationeryholder_shoe_plant2_greenartifact_seashell
IPAP_260377,260377,No.Social.Information,Male,9months_23days,296,8/27/2018,6/19/2019,plant2,Plants,6,0:04:52,0:04:55,0:04:55,3,3,3,geode_blueartifact_plant1_stationeryholder_shoe_plant2_greenartifact_seashell
IPAP_260377,260377,No.Social.Information,Male,9months_23days,296,8/27/2018,6/19/2019,greenartifact,Novel.artifacts,7,0:05:34,0:05:37,0:05:37,3,3,3,geode_blueartifact_plant1_stationeryholder_shoe_plant2_greenartifact_seashell
IPAP_260377,260377,No.Social.Information,Male,9months_23days,296,8/27/2018,6/19/2019,seashell,Natural.objects,8,0:06:17,0:06:18,0:06:18,1,1,1,geode_blueartifact_plant1_stationeryholder_shoe_plant2_greenartifact_seashell
IPAP_260421,260421,Social.Information,Female,10months_25days,329,7/25/2018,7/19/2019,plant2,Plants,1,0:05:10,NA,0:05:40,30,NA,30,plant2_seashell_shoe_greenartifact_blueartifact_stationeryholder_geode_plant1
IPAP_260421,260421,Social.Information,Female,10months_25days,329,7/25/2018,7/19/2019,seashell,Natural.objects,2,0:06:32,NA,0:07:02,30,NA,30,plant2_seashell_shoe_greenartifact_blueartifact_stationeryholder_geode_plant1
IPAP_260421,260421,Social.Information,Female,10months_25days,329,7/25/2018,7/19/2019,shoe,Familiar.objects,3,0:07:50,NA,0:08:20,30,NA,30,plant2_seashell_shoe_greenartifact_blueartifact_stationeryholder_geode_plant1
IPAP_260421,260421,Social.Information,Female,10months_25days,329,7/25/2018,7/19/2019,greenartifact,Novel.artifacts,4,0:09:34,NA,0:10:04,30,NA,30,plant2_seashell_shoe_greenartifact_blueartifact_stationeryholder_geode_plant1
IPAP_260421,260421,Social.Information,Female,10months_25days,329,7/25/2018,7/19/2019,blueartifact,Novel.artifacts,5,0:11:00,NA,0:11:30,30,NA,30,plant2_seashell_shoe_greenartifact_blueartifact_stationeryholder_geode_plant1
IPAP_260421,260421,Social.Information,Female,10months_25days,329,7/25/2018,7/19/2019,stationeryholder,Familiar.objects,6,0:12:15,NA,0:12:45,30,NA,30,plant2_seashell_shoe_greenartifact_blueartifact_stationeryholder_geode_plant1
IPAP_260421,260421,Social.Information,Female,10months_25days,329,7/25/2018,7/19/2019,geode,Natural.objects,7,0:13:28,NA,0:13:58,30,NA,30,plant2_seashell_shoe_greenartifact_blueartifact_stationeryholder_geode_plant1
IPAP_260421,260421,Social.Information,Female,10months_25days,329,7/25/2018,7/19/2019,plant1,Plants,8,0:14:40,0:02:54,0:02:54,14,14,14,plant2_seashell_shoe_greenartifact_blueartifact_stationeryholder_geode_plant1